name,address,description
Eriks DeliCafe,"81 Curtner Ave San Jose, Ca",Eriks DeliCafe
Chiaramontes Deli and Sausages,"609 N 13th St San Jose, Ca",Chiaramontes Deli and Sausages
Bertucellis La Villa Gourmet,"1319 Lincoln Ave San Jose, Ca",Bertucellis La Villa Gourmet
Grace Deli and Cafe,"303 S Almaden Blvd San Jose, Ca",Grace Deli and Cafe
Eriks DeliCafe,"2 N Market St #105 San Jose, Ca",Eriks DeliCafe
365 Mediterranean Deli,"1691 Branham Ln ú In Safeway San Jose, Ca",365 Mediterranean Deli
Sandwich Mill Deli and Catering,"1381 Kooser Rd San Jose, Ca",Sandwich Mill Deli and Catering
Zanottos Willow Glen Market,"1421 Foxworthy Ave  San Jose, Ca",Zanottos Willow Glen Market
Spread,"625 N 6th St San Jose, Ca",Spread
The American Italian Deli,"Los Gatos, CA San Jose, Ca",The American Italian Deli
Eriks DeliCafe,"4611 Almaden Expy San Jose, Ca",Eriks DeliCafe
Beach Hut Deli Silver Creek,"4878 San Felipe Rd #110 San Jose, Ca",Beach Hut Deli Silver Creek
"Eriks DeliCafe | Cottle Rd., San Jose","5705 Cottle Rd San Jose, Ca","Eriks DeliCafe | Cottle Rd., San Jose"
